,"SOURCE ID: Author/Org, Date, Info",Link,World / Drawdown Region,Specific Geographic Location,Source Validation Code,Year / Date,License Code,Raw Data Input,Original Units,Conversion calculation,Common Units,Weight,Assumptions,Exclude Data?
0,"Garcia Gusano (2016) Hydro, reservoir, non-alpine regions",http://www.sciencedirect.com/science/article/pii/S0959652615015462,EU,Norway,1  - Peer Reviewed,2016,,6.65,g-CO2eq/kWh,,g CO2-eq/ kWh,,,
1,"Garcia Gusano (2016) Hydro, run-of-river power plant",http://www.sciencedirect.com/science/article/pii/S0959652615015462,EU,Norway,1  - Peer Reviewed,2016,,3.64,g-CO2eq/kWh,,g CO2-eq/ kWh,,,
2,NTEL (2013) Power Generation Technology Comparsion from a LCA,https://www.netl.doe.gov/File%20Library/Research/Energy%20Analysis/Life%20Cycle%20Analysis/Technology-Assessment-Compilation-Report.pdf,USA,,2 - Public Sector/ Multilateral Agency,2013,,27.7,g-CO2eq/kWh,,g CO2-eq/ kWh,,,
3,NTEL (2013) Power Generation Technology Comparsion from a LCA,https://www.netl.doe.gov/File%20Library/Research/Energy%20Analysis/Life%20Cycle%20Analysis/Technology-Assessment-Compilation-Report.pdf,USA,,2 - Public Sector/ Multilateral Agency,2014,,43.8,g-CO2eq/kWh,,g CO2-eq/ kWh,,,
4,2013_Masanet et al. High (reservoir),http://www.annualreviews.org/doi/pdf/10.1146/annurev-environ-010710-100408,World,,1  - Peer Reviewed,2013,,165.0,g-CO2eq/kWh,,g CO2-eq/ kWh,,,
5,2013_Masanet et al. Low (reservoir),http://www.annualreviews.org/doi/pdf/10.1146/annurev-environ-010710-100409,World,,1  - Peer Reviewed,2013,,0.0,g-CO2eq/kWh,,g CO2-eq/ kWh,,,
6,2013_Masanet et al. Low (river),http://www.annualreviews.org/doi/pdf/10.1146/annurev-environ-010710-100409,World,,1  - Peer Reviewed,2013,,3.0,g-CO2eq/kWh,,g CO2-eq/ kWh,,,
7,2013_Masanet et al. High (river),http://www.sciencedirect.com/science/article/pii/S1364032108001093,World,,1  - Peer Reviewed,2013,,12.0,g-CO2eq/kWh,,g CO2-eq/ kWh,,,
8,"2009_Varun et al._[Varun, Bhat IK, Prakash R. (2009).Life cycle assessment of renewable energy for electricity generation systems - a review. Renewable and Sustainable Energy Reviews 13 (2009) 1067-1073]",https://www.sciencedirect.com/science/article/pii/S1364032108001093,World,,1  - Peer Reviewed,2009,,237.0,g-CO2eq/kWh,,g CO2-eq/ kWh,,,
9,"2009_Varun et al._[Varun, Bhat IK, Prakash R. (2009).Life cycle assessment of renewable energy for electricity generation systems - a review. Renewable and Sustainable Energy Reviews 13 (2009) 1067-1073]",https://www.sciencedirect.com/science/article/pii/S1364032108001093,World,,1  - Peer Reviewed,2009,,3.7,g-CO2eq/kWh,,g CO2-eq/ kWh,,,
10,2009_Rule et al. Comparison of Life Cycle Carbon Dioxide Emissions and Embodied Energy in Four Renewable Electricity Generation Technologies in New Zealand,https://www.ncbi.nlm.nih.gov/pubmed/19746744,New Zealand,,1  - Peer Reviewed,2009,,4.6,g-CO2eq/kWh,,g CO2-eq/ kWh,,,
11,2006_Pehnt_ Dynamic life cycle assessment (LCA) of renewable energy technologies,http://www.sciencedirect.com/science/article/pii/S0960148105000662,World,,1  - Peer Reviewed,2006,,10.0,g-CO2eq/kWh,,g CO2-eq/ kWh,,,
12,2006_Pehnt_ Dynamic life cycle assessment (LCA) of renewable energy technologies,http://www.sciencedirect.com/science/article/pii/S0960148105000662,World,,1  - Peer Reviewed,2006,,13.0,g-CO2eq/kWh,,g CO2-eq/ kWh,,,
13,"IPCC (2014), median",http://www.ipcc.ch/report/ar5/wg3/,World,,1  - Peer Reviewed,2014,,24.0,g-CO2eq/kWh,,g CO2-eq/ kWh,,Excluded because is the median.,1.0
14,"IPCC (2014), high",http://www.ipcc.ch/report/ar5/wg3/,World,,1  - Peer Reviewed,2014,,2200.0,g-CO2eq/kWh,,g CO2-eq/ kWh,,Tropical Reservoirs,
15,"IPCC (2014), low",http://www.ipcc.ch/report/ar5/wg3/,World,,1  - Peer Reviewed,2014,,1.0,g-CO2eq/kWh,,g CO2-eq/ kWh,,,
16,"2018_Mac Kinnon et al. -  Mac Kinnon, M., Brouwer, J., Samuelsen, S. (2018). The role of natural gas and its infrastructure in mitigating greenhouse gas emissions, improving regional air quality,and renewable resource integration. Progress in Energy and Combustion Science 64(2018) 62-92",https://www.sciencedirect.com/science/article/pii/S0360128517300680,World,,1  - Peer Reviewed,2017,,1.0,g-CO2eq/kWh,,g CO2-eq/ kWh,,LCA GHG emissions - Hydropower LOW,
17,"2018_Mac Kinnon et al. -  Mac Kinnon, M., Brouwer, J., Samuelsen, S. (2018). The role of natural gas and its infrastructure in mitigating greenhouse gas emissions, improving regional air quality,and renewable resource integration. Progress in Energy and Combustion Science 64(2018) 62-92",https://www.sciencedirect.com/science/article/pii/S0360128517300680,World,,1  - Peer Reviewed,2017,,39.0,g-CO2eq/kWh,,g CO2-eq/ kWh,,LCA GHG emissions - Hydropower HIGH,
18,"2012_Steinhurst et al. - Steinhurst, W., Knight, P., Schultz, M. (2012). Hydropower Greehouse Gas Emissions - Stae of the Research. Synapes Energy. Economics, Inc. ",https://www.clf.org/wp-content/uploads/2012/02/Hydropower-GHG-Emissions-Feb.-14-2012.pdf,World,,2 - Public Sector/ Multilateral Agency,2012,,0.5,g-CO2eq/kWh,,g CO2-eq/ kWh,,"Hydroelectric facility (run of river or non-tropical
reservoir) - LOW",
19,"2012_Steinhurst et al. - Steinhurst, W., Knight, P., Schultz, M. (2012). Hydropower Greehouse Gas Emissions - Stae of the Research. Synapes Energy. Economics, Inc. ",https://www.clf.org/wp-content/uploads/2012/02/Hydropower-GHG-Emissions-Feb.-14-2012.pdf,World,,2 - Public Sector/ Multilateral Agency,2012,,152.0,g-CO2eq/kWh,,g CO2-eq/ kWh,,"Hydroelectric facility (run of river or non-tropical
reservoir)_HIGH",
20,"2012_Steinhurst et al. - Steinhurst, W., Knight, P., Schultz, M. (2012). Hydropower Greehouse Gas Emissions - Stae of the Research. Synapes Energy. Economics, Inc. ",https://www.clf.org/wp-content/uploads/2012/02/Hydropower-GHG-Emissions-Feb.-14-2012.pdf,World,,2 - Public Sector/ Multilateral Agency,2012,,160.0,g-CO2eq/kWh,,g CO2-eq/ kWh,,"Hydroelectric facility (newly flooded reservoir only,
boreal) (LOW)",
21,"2012_Steinhurst et al. - Steinhurst, W., Knight, P., Schultz, M. (2012). Hydropower Greehouse Gas Emissions - Stae of the Research. Synapes Energy. Economics, Inc. ",https://www.clf.org/wp-content/uploads/2012/02/Hydropower-GHG-Emissions-Feb.-14-2012.pdf,World,,2 - Public Sector/ Multilateral Agency,2012,,250.0,g-CO2eq/kWh,,g CO2-eq/ kWh,,"Hydroelectric facility (newly flooded reservoir only, boreal) HIGH)",
22,"2012_Steinhurst et al. - Steinhurst, W., Knight, P., Schultz, M. (2012). Hydropower Greehouse Gas Emissions - Stae of the Research. Synapes Energy. Economics, Inc. ",https://www.clf.org/wp-content/uploads/2012/02/Hydropower-GHG-Emissions-Feb.-14-2012.pdf,World,,2 - Public Sector/ Multilateral Agency,2012,,1300.0,g-CO2eq/kWh,,g CO2-eq/ kWh,,Hydroelectric facility (tropical reservoirs) (LOW),
23,"2012_Steinhurst et al. - Steinhurst, W., Knight, P., Schultz, M. (2012). Hydropower Greehouse Gas Emissions - Stae of the Research. Synapes Energy. Economics, Inc. ",https://www.clf.org/wp-content/uploads/2012/02/Hydropower-GHG-Emissions-Feb.-14-2012.pdf,World,,2 - Public Sector/ Multilateral Agency,2012,,3000.0,g-CO2eq/kWh,,g CO2-eq/ kWh,,Hydroelectric facility (tropical reservoirs) (HIGH),
24,2018_IHA- International Hydropower Association (2018). 2018 Hydropower Status Report. ,https://www.hydropower.org/publications/2018-hydropower-status-report,World,,2 - Public Sector/ Multilateral Agency,2018,,18.5,g-CO2eq/kWh,,g CO2-eq/ kWh,,Findings from a study of the greenhouse gas footprint of 500 large hydropower reservoirs,
